-- MySQL dump 10.13  Distrib 8.0.28, for macos12.0 (x86_64)
--
-- Host: 127.0.0.1    Database: emotion
-- ------------------------------------------------------
-- Server version	8.0.28

/*!40101 SET @OLD_CHARACTER_SET_CLIENT=@@CHARACTER_SET_CLIENT */;
/*!40101 SET @OLD_CHARACTER_SET_RESULTS=@@CHARACTER_SET_RESULTS */;
/*!40101 SET @OLD_COLLATION_CONNECTION=@@COLLATION_CONNECTION */;
/*!50503 SET NAMES utf8mb4 */;
/*!40103 SET @OLD_TIME_ZONE=@@TIME_ZONE */;
/*!40103 SET TIME_ZONE='+00:00' */;
/*!40014 SET @OLD_UNIQUE_CHECKS=@@UNIQUE_CHECKS, UNIQUE_CHECKS=0 */;
/*!40014 SET @OLD_FOREIGN_KEY_CHECKS=@@FOREIGN_KEY_CHECKS, FOREIGN_KEY_CHECKS=0 */;
/*!40101 SET @OLD_SQL_MODE=@@SQL_MODE, SQL_MODE='NO_AUTO_VALUE_ON_ZERO' */;
/*!40111 SET @OLD_SQL_NOTES=@@SQL_NOTES, SQL_NOTES=0 */;

--
-- Table structure for table `case_evaluation`
--

DROP TABLE IF EXISTS `case_evaluation`;
/*!40101 SET @saved_cs_client     = @@character_set_client */;
/*!50503 SET character_set_client = utf8mb4 */;
CREATE TABLE `case_evaluation` (
  `name` char(24) NOT NULL,
  `staff_id` bigint NOT NULL,
  `customer_phone` char(11) NOT NULL,
  `create_date` date NOT NULL,
  `case_score` double NOT NULL,
  `staff_emotion_score` double NOT NULL,
  `staff_polite_words_percent` double NOT NULL,
  `customer_emotion_score` double NOT NULL,
  `customer_satisfied_score` int NOT NULL,
  `staff_understand_problem_score` int NOT NULL,
  `staff_solve_problem_score` int NOT NULL,
  `staff_pessimistic_num` int NOT NULL,
  `staff_optimistic_num` int NOT NULL,
  `customer_pessimistic_num` int NOT NULL,
  `customer_optimistic_num` int NOT NULL,
  `customer_satisfied` varchar(255) NOT NULL,
  `staff_understand_problem` varchar(255) NOT NULL,
  `staff_solve_problem` varchar(255) NOT NULL,
  `time_in_seconds` double NOT NULL,
  `speech_words_per_min` double NOT NULL,
  `pronunciation_score` double NOT NULL,
  PRIMARY KEY (`name`,`staff_id`)
) ENGINE=InnoDB DEFAULT CHARSET=utf8mb4;
/*!40101 SET character_set_client = @saved_cs_client */;

--
-- Dumping data for table `case_evaluation`
--

LOCK TABLES `case_evaluation` WRITE;
/*!40000 ALTER TABLE `case_evaluation` DISABLE KEYS */;
INSERT INTO `case_evaluation` VALUES ('130010193820217094447855',173,'13001019382','2022-02-17',75.03629868920504,80,75.03629868920504,80,50,75,75,0,0,0,0,'客户未明确表达是否满意','客服理解了问题','客户的问题得到了解决',112.23625,346.79665738161566,70.984627),('131481949120228113002048',172,'13148194912','2022-02-28',71.30446398578422,80,71.30446398578422,73,50,100,75,0,0,1,0,'客户未明确表达是否满意','客服快速理解了问题','客户的问题得到了解决',113.8775,303.8130381303813,79.569061),('131861615120227173609829',176,'13186161512','2022-02-27',74.72972987808916,80,74.72972987808916,80,50,100,75,0,0,0,0,'客户未明确表达是否满意','客服快速理解了问题','客户的问题得到了解决',166.3975,0,100),('132983103670215095938603',178,'13298310367','2022-02-15',73.3777098617056,80,73.3777098617056,80,50,100,50,0,0,0,0,'客户未明确表达是否满意','客服快速理解了问题','客户的问题解决情况不明确',174.73,217.96804341272232,76.15567),('133016226210226170142261',173,'13301622621','2022-02-26',80.48955954225814,80,80.48955954225814,82.1,100,0,100,0,0,1,2,'客户表达了满意','客服没有很好地理解问题','客户的问题得到了解决',248.649375,395.19275792102377,68.700996),('133076688880212151942824',174,'13307668888','2022-02-12',77.38279496081019,68.9,77.38279496081019,80,100,50,100,2,1,2,2,'客户表达了满意','客服理解了问题','客户的问题得到了解决',168.606875,270.1437646272149,74.888161),('133118168810211152419320',173,'13311816881','2022-02-11',75.2894452132587,80.9,75.2894452132587,80,50,75,75,0,1,0,0,'客户未明确表达是否满意','客服理解了问题','客户的问题得到了解决',149.290625,248.65511057979677,72.516151),('133315416850202114308267',174,'13331541685','2022-02-02',72.72279306774412,80,72.72279306774412,78.5,50,100,50,0,0,1,0,'客户未明确表达是否满意','客服快速理解了问题','客户的问题解决情况不明确',130.5425,119.62071480671044,93.333344),('133652497990211090555436',176,'13365249799','2022-02-11',74.70606493545046,80,74.70606493545046,80,50,100,50,0,0,0,0,'客户未明确表达是否满意','客服快速理解了问题','客户的问题解决情况不明确',351.60625,208.76547340247572,75.898094),('133652497990211092852498',174,'13365249799','2022-02-11',75.25092978931336,80,75.25092978931336,80,50,25,75,0,0,0,0,'客户未明确表达是否满意','客服没有很好地理解问题','客户的问题得到了解决',110.97375,287.5784190715182,76.75103),('133652497990211144208014',175,'13365249799','2022-02-11',75.50122296501574,80,75.50122296501574,80,50,75,75,0,0,0,0,'客户未明确表达是否满意','客服理解了问题','客户的问题得到了解决',122.020625,336.69064748201436,63.694046),('133815032350208140518770',172,'13381503235','2022-02-08',75.50122296501574,80,75.50122296501574,80,50,75,75,0,0,0,0,'客户未明确表达是否满意','客服理解了问题','客户的问题得到了解决',83.325,298.57369255150553,76.772781),('133909123500215153505387',175,'13390912350','2022-02-15',81.99174815234205,84.19999999999999,81.99174815234205,82.1,100,75,100,0,2,0,1,'客户表达了满意','客服理解了问题','客户的问题得到了解决',569.703125,334.3429158110883,79.549164),('135237174840220130702051',174,'13523717484','2022-02-20',73.62058775747852,80,73.62058775747852,80,50,25,50,0,0,0,0,'客户未明确表达是否满意','客服没有很好地理解问题','客户的问题解决情况不明确',111.668125,273.37158285521434,72.233322),('135647097390224114806799',177,'13564709739','2022-02-24',77.70315047557219,80.9,77.70315047557219,81.5,100,100,50,0,1,0,1,'客户表达了满意','客服快速理解了问题','客户的问题解决情况不明确',220.621875,307.40164480995776,79.068657),('135647097390224155340781',173,'13564709739','2022-02-24',73.09439556674639,79.1,73.09439556674639,80,50,100,50,2,1,0,0,'客户未明确表达是否满意','客服快速理解了问题','客户的问题解决情况不明确',357.476875,266.071753778911,77.971237),('135868605820222143108156',174,'13586860582','2022-02-22',77.97838165381259,80.9,77.97838165381259,78.5,100,100,75,0,1,1,0,'客户表达了满意','客服快速理解了问题','客户的问题得到了解决',150.679375,275.56151525310094,82.828087),('135903629410212165908292',172,'13590362941','2022-02-12',73.2611874868157,80,73.2611874868157,80,50,100,50,0,0,0,0,'客户未明确表达是否满意','客服快速理解了问题','客户的问题解决情况不明确',358.045,301.0876990173927,75.50222),('136451606870207110510317',176,'13645160687','2022-02-07',73.15631734941479,80,73.15631734941479,80,50,100,50,0,0,0,0,'客户未明确表达是否满意','客服快速理解了问题','客户的问题解决情况不明确',116.718125,0,100),('136451606870207163718636',174,'13645160687','2022-02-07',75.25945968442028,80,75.25945968442028,83.6,50,100,50,0,0,0,2,'客户未明确表达是否满意','客服快速理解了问题','客户的问题解决情况不明确',76.823125,177.02279839070187,69.318832),('136451606870207163858402',172,'13645160687','2022-02-07',74.83519614566055,80,74.83519614566055,80.6,50,100,50,0,0,1,1,'客户未明确表达是否满意','客服快速理解了问题','客户的问题解决情况不明确',39.895,206.66666666666669,83.103539),('136451606870208094950837',178,'13645160687','2022-02-08',71.40369873691021,80,71.40369873691021,77,50,100,50,0,0,1,0,'客户未明确表达是否满意','客服快速理解了问题','客户的问题解决情况不明确',371.869375,120.60301507537687,16.922318),('136451606870209133321418',175,'13645160687','2022-02-09',78.56713998005459,82.1,78.56713998005459,81.5,50,100,100,0,1,0,1,'客户未明确表达是否满意','客服快速理解了问题','客户的问题得到了解决',78.65375,296.8580715059588,75.671715),('136451606870212092750454',177,'13645160687','2022-02-12',74.38315037816798,80,74.38315037816798,82.1,50,100,50,0,0,0,1,'客户未明确表达是否满意','客服快速理解了问题','客户的问题解决情况不明确',102.451875,0,100),('136451606870213170825937',177,'13645160687','2022-02-13',74.14984726467901,80,74.14984726467901,78.5,50,0,75,0,0,1,0,'客户未明确表达是否满意','客服没有很好地理解问题','客户的问题得到了解决',142.41,274.74150664697197,70.019798),('136451606870215103859455',178,'13645160687','2022-02-15',70.52738943065792,80,70.52738943065792,75.5,50,100,50,0,0,2,0,'客户未明确表达是否满意','客服快速理解了问题','客户的问题解决情况不明确',112.74125,88.8501742160279,2.460936),('136611797590130093850586',172,'13661179759','2022-01-30',72.43900560959257,77,72.43900560959257,80,50,100,50,2,0,0,0,'客户未明确表达是否满意','客服快速理解了问题','客户的问题解决情况不明确',227.25,246.22716441620332,77.279091),('136849324490222155433078',174,'13684932449','2022-02-22',75.38783493462446,81.8,75.38783493462446,80,50,100,75,3,3,0,0,'客户未明确表达是否满意','客服快速理解了问题','客户的问题得到了解决',329.13375,247.0104633781764,80.555557),('136912361510219133915440',173,'13691236151','2022-02-19',68.5380745641861,66.5,68.5380745641861,77,50,100,50,2,0,2,1,'客户未明确表达是否满意','客服快速理解了问题','客户的问题解决情况不明确',426.4725,144.91646778042957,74.041786),('136912361510219135013300',173,'13691236151','2022-02-19',72.93154413103274,80,72.93154413103274,80,50,75,50,0,0,0,0,'客户未明确表达是否满意','客服理解了问题','客户的问题解决情况不明确',107.565,253.96825396825395,84.538422),('137051695540222175731481',173,'13705169554','2022-02-22',76.27327847378066,80.9,76.27327847378066,80,50,100,75,0,1,0,0,'客户未明确表达是否满意','客服快速理解了问题','客户的问题得到了解决',71.394375,280.53435114503816,79.104065),('137502408670208104839685',174,'13750240867','2022-02-08',72.48199769426864,80,72.48199769426864,80,50,25,50,0,0,0,0,'客户未明确表达是否满意','客服没有很好地理解问题','客户的问题解决情况不明确',251.805625,256.9105691056911,73.504349),('137522233920226162928503',172,'13752223392','2022-02-26',76.5288027327072,80,76.5288027327072,82.1,50,75,75,0,0,0,1,'客户未明确表达是否满意','客服理解了问题','客户的问题得到了解决',87.23875,241.1021814006889,80.624092),('137574328550224103714094',175,'13757432855','2022-02-24',80.42504173617242,80,80.42504173617242,81.5,100,100,100,0,0,0,1,'客户表达了满意','客服快速理解了问题','客户的问题得到了解决',65.9025,0,100),('137606156900224163819016',174,'13760615690','2022-02-24',89.20778856223671,82.1,89.20778856223671,94.1,100,100,100,0,1,0,7,'客户表达了满意','客服快速理解了问题','客户的问题得到了解决',145.503125,276.3811530934818,78.916885),('137719868880224112136341',172,'13771986888','2022-02-24',73.78553817382024,80,73.78553817382024,80,50,100,50,0,0,0,0,'客户未明确表达是否满意','客服快速理解了问题','客户的问题解决情况不明确',193.351875,291.21119370354177,76.089249),('137888499150218115146289',174,'13788849915','2022-02-18',77.89630683053437,80,77.89630683053437,80,100,100,50,0,0,0,0,'客户表达了满意','客服快速理解了问题','客户的问题解决情况不明确',98.033125,331.1132254995242,70.630737),('138019392500219170948056',177,'13801939250','2022-02-19',79.30438679115878,79.1,79.30438679115878,84.8,50,100,100,1,1,1,3,'客户未明确表达是否满意','客服快速理解了问题','客户的问题得到了解决',257.360625,293.96754108400535,78.084854),('138114619650218161051686',176,'13811461965','2022-02-18',73.15631734941479,80,73.15631734941479,80,50,100,50,0,0,0,0,'客户未明确表达是否满意','客服快速理解了问题','客户的问题解决情况不明确',292.205625,244.5019404915912,67.18541),('138167718010216161109617',174,'13816771801','2022-02-16',74.71958775981541,80,74.71958775981541,80,50,25,75,0,0,0,0,'客户未明确表达是否满意','客服没有很好地理解问题','客户的问题得到了解决',149.164375,271.0201319573676,89.361702),('138380662620208094249667',174,'13838066262','2022-02-08',68.98304440291169,82.1,68.98304440291169,65,100,0,75,0,1,10,1,'客户表达了满意','客服没有很好地理解问题','客户的问题得到了解决',1565.563125,354.4707156968962,81.957169),('138426887880130095721118',173,'13842688788','2022-01-30',72.35769473917496,77.6,72.35769473917496,80,50,75,50,3,1,0,0,'客户未明确表达是否满意','客服理解了问题','客户的问题解决情况不明确',187.22875,239.25906869050684,78.715935),('138616121560226145319747',173,'13861612156','2022-02-26',74.65071680737775,80,74.65071680737775,80,50,100,50,0,0,0,0,'客户未明确表达是否满意','客服快速理解了问题','客户的问题解决情况不明确',108.3225,252.6464361326747,90),('138802661670226171650135',172,'13880266167','2022-02-26',75.74749289002929,80.9,75.74749289002929,79.1,50,100,75,0,1,1,1,'客户未明确表达是否满意','客服快速理解了问题','客户的问题得到了解决',85.155625,289.6007020623081,63.168949),('138874136660207100512768',173,'13887413666','2022-02-07',73.15631734941479,80,73.15631734941479,80,50,100,50,0,0,0,0,'客户未明确表达是否满意','客服快速理解了问题','客户的问题解决情况不明确',35.413125,0,100),('139037598880217111721127',173,'13903759888','2022-02-17',74.50857944627187,78.5,74.50857944627187,80,50,75,75,1,0,0,0,'客户未明确表达是否满意','客服理解了问题','客户的问题得到了解决',206.355625,400.6644518272425,68.104279),('139037598880217112235744',174,'13903759888','2022-02-17',78.41680674203357,80,78.41680674203357,81.5,100,100,50,0,0,0,1,'客户表达了满意','客服快速理解了问题','客户的问题解决情况不明确',83.388125,253.28330206378985,82.738754),('139037598880217124634176',173,'13903759888','2022-02-17',73.60836311690736,80,73.60836311690736,78.5,50,100,50,0,0,1,0,'客户未明确表达是否满意','客服快速理解了问题','客户的问题解决情况不明确',75.11875,265.8052607291186,53.206715),('139107240250211121102597',175,'13910724025','2022-02-11',74.29490741262467,80,74.29490741262467,80,50,100,50,0,0,0,0,'客户未明确表达是否满意','客服快速理解了问题','客户的问题解决情况不明确',122.020625,327.31850608476714,76.268486),('139139789490212093537277',174,'13913978949','2022-02-12',77.4907652566346,80,77.4907652566346,80,100,25,75,0,0,0,0,'客户表达了满意','客服没有很好地理解问题','客户的问题得到了解决',223.4625,268.94451962110963,68.358788),('139385377440228102354326',175,'13938537744','2022-02-28',75.94682571248106,83,75.94682571248106,80,50,75,75,0,2,0,0,'客户未明确表达是否满意','客服理解了问题','客户的问题得到了解决',106.17625,339.4658753709199,83.025963),('139788915950210105856536',178,'13978891595','2022-02-10',75.98361473063348,82.1,75.98361473063348,82.1,50,25,75,0,1,0,1,'客户未明确表达是否满意','客服没有很好地理解问题','客户的问题得到了解决',192.720625,276.81804075721533,68.503647),('139788915950210123546543',172,'13978891595','2022-02-10',74.03568840823388,80.9,74.03568840823388,80,50,100,50,0,1,0,0,'客户未明确表达是否满意','客服快速理解了问题','客户的问题解决情况不明确',123.4725,285.32922603003465,78.12484),('150012588380213102919075',174,'15001258838','2022-02-13',71.75212286747778,76.1,71.75212286747778,80,50,25,50,4,1,0,0,'客户未明确表达是否满意','客服没有很好地理解问题','客户的问题解决情况不明确',581.76,336.95425731377037,69.296715),('150018686840222105221092',174,'15001868684','2022-02-22',80.7873203926483,80,80.7873203926483,81.5,100,100,100,0,0,0,1,'客户表达了满意','客服快速理解了问题','客户的问题得到了解决',128.080625,297.4936432982201,81.178429),('150092468030209131756520',175,'15009246803','2022-02-09',83.68736949011088,82.1,83.68736949011088,85.69999999999999,100,100,100,0,1,0,3,'客户表达了满意','客服快速理解了问题','客户的问题得到了解决',185.271875,325.8089976322021,70.464958),('150092468030211133619355',177,'15009246803','2022-02-11',73.15631734941479,80,73.15631734941479,80,50,100,50,0,0,0,0,'客户未明确表达是否满意','客服快速理解了问题','客户的问题解决情况不明确',128.080625,0,100),('150092468030211135254549',175,'15009246803','2022-02-11',74.90406709809822,80,74.90406709809822,80.6,50,25,75,0,0,1,1,'客户未明确表达是否满意','客服没有很好地理解问题','客户的问题得到了解决',302.2425,265.1442517214329,73.929352),('150113647360228114111419',174,'15011364736','2022-02-28',79.78453951168628,80.9,79.78453951168628,80,100,100,75,0,1,0,0,'客户表达了满意','客服快速理解了问题','客户的问题得到了解决',73.414375,276.9763416041546,86.666664),('150181663660210172950951',173,'15018166366','2022-02-10',76.97151020436183,81.8,76.97151020436183,80,50,100,75,0,2,0,0,'客户未明确表达是否满意','客服快速理解了问题','客户的问题得到了解决',113.24625,319.401671799384,61.2024),('150192297270211170232907',174,'15019229727','2022-02-11',74.22545341876886,80.9,74.22545341876886,80,50,100,50,0,1,0,0,'客户未明确表达是否满意','客服快速理解了问题','客户的问题解决情况不明确',117.16,314.8438614002566,77.394501),('150192297270211173211424',175,'15019229727','2022-02-11',79.30761810292022,80.9,79.30761810292022,80,100,0,100,0,1,1,1,'客户表达了满意','客服没有很好地理解问题','客户的问题得到了解决',178.580625,264.7674905739421,78.741936),('151006329500216164304344',174,'15100632950','2022-02-16',82.78688704097814,80.9,82.78688704097814,84.19999999999999,100,100,100,0,1,1,3,'客户表达了满意','客服快速理解了问题','客户的问题得到了解决',177.191875,264.76443264764436,55.422359),('151893351440220170210003',174,'15189335144','2022-02-20',73.81035276801349,80,73.81035276801349,80,50,25,50,0,0,0,0,'客户未明确表达是否满意','客服没有很好地理解问题','客户的问题解决情况不明确',64.324375,253.62619146290922,83.364151),('151914335210210112929250',174,'15191433521','2022-02-10',73.11960812966618,80,73.11960812966618,80,50,25,50,0,0,0,0,'客户未明确表达是否满意','客服没有很好地理解问题','客户的问题解决情况不明确',327.745,316.3138231631382,75.947906),('152078962080226153823649',174,'15207896208','2022-02-26',73.94080590296639,80.9,73.94080590296639,80,50,100,50,0,1,0,0,'客户未明确表达是否满意','客服快速理解了问题','客户的问题解决情况不明确',125.303125,260.6806661839247,80.668869),('152105893860216155703661',174,'15210589386','2022-02-16',73.72855717527965,80,73.72855717527965,80,50,75,50,0,0,0,0,'客户未明确表达是否满意','客服理解了问题','客户的问题解决情况不明确',66.28125,182.06614387998636,83.770035),('152200729810216163526164',175,'15220072981','2022-02-16',78.92115020818144,80,78.92115020818144,80.6,100,0,75,0,0,1,2,'客户表达了满意','客服没有很好地理解问题','客户的问题得到了解决',137.423125,312.0856705762366,85.273224),('152215298560220134836192',174,'15221529856','2022-02-20',72.49887990701298,77,72.49887990701298,80,50,75,50,2,0,0,0,'客户未明确表达是否满意','客服理解了问题','客户的问题解决情况不明确',167.53375,332.89299867899604,70.757362),('152896628200210124856120',174,'15289662820','2022-02-10',80.99433676777736,80,80.99433676777736,81.5,100,100,100,0,0,0,1,'客户表达了满意','客服快速理解了问题','客户的问题得到了解决',60.97875,348.64300626304805,78.507462),('152955071150227145023664',174,'15295507115','2022-02-27',73.40162812993816,80,73.40162812993816,80,50,25,50,0,0,0,0,'客户未明确表达是否满意','客服没有很好地理解问题','客户的问题解决情况不明确',106.555,251.67173252279642,90.098122),('153358957970214090718866',172,'15335895797','2022-02-14',76.15155452931236,82.1,76.15155452931236,80,50,25,75,0,1,0,0,'客户未明确表达是否满意','客服没有很好地理解问题','客户的问题得到了解决',205.724375,291.3816689466484,68.539192),('153358957970216104730868',178,'15335895797','2022-02-16',73.94080590296639,80.9,73.94080590296639,80,50,100,50,0,1,0,0,'客户未明确表达是否满意','客服快速理解了问题','客户的问题解决情况不明确',99.35875,290.356764394207,79.450417),('153488884280218164901593',174,'15348888428','2022-02-18',73.31959027478891,80,73.31959027478891,78.5,50,100,50,0,0,1,0,'客户未明确表达是否满意','客服快速理解了问题','客户的问题解决情况不明确',209.8275,236.0742705570292,78.116386),('155155045530218094956002',174,'15515504553','2022-02-18',80.46489238838477,78.5,80.46489238838477,81.5,100,100,100,1,0,0,1,'客户表达了满意','客服快速理解了问题','客户的问题得到了解决',111.163125,279.9650043744532,74.285713),('156646415680209125432691',174,'15664641568','2022-02-09',66.58873873109124,69.5,66.58873873109124,67.5,100,100,50,1,0,2,1,'客户表达了满意','客服快速理解了问题','客户的问题解决情况不明确',328.944375,49.24148221835364,13.589007),('159213826080216160720522',172,'15921382608','2022-02-16',75.57636990918759,82.1,75.57636990918759,80,50,75,75,0,1,0,0,'客户未明确表达是否满意','客服理解了问题','客户的问题得到了解决',110.09,284.79794740218097,74.429947),('159360096390220095127338',172,'15936009639','2022-02-20',78.63949743811821,80,78.63949743811821,80,100,100,75,0,0,0,0,'客户表达了满意','客服快速理解了问题','客户的问题得到了解决',83.135625,351.063829787234,78.891716),('166024124660216155413993',174,'16602412466','2022-02-16',74.83534441624175,78.5,74.83534441624175,80,50,25,75,1,0,0,0,'客户未明确表达是否满意','客服没有很好地理解问题','客户的问题得到了解决',102.13625,348.79692011549565,72.808983),('166038107700218125201112',174,'16603810770','2022-02-18',77.05040039162814,78.5,77.05040039162814,86.3,50,75,50,1,0,0,3,'客户未明确表达是否满意','客服理解了问题','客户的问题解决情况不明确',104.15625,207.9939382458799,67.213371),('173163826590129112343137',173,'17316382659','2022-01-29',74.61684375299726,80.9,74.61684375299726,80,50,100,50,0,1,0,0,'客户未明确表达是否满意','客服快速理解了问题','客户的问题解决情况不明确',321.55875,388.49472674976033,69.10524),('173210511250216100524891',172,'17321051125','2022-02-16',57.15722671076745,78.5,57.15722671076745,55.099999999999994,0,100,75,1,0,16,1,'客户表达了不满','客服快速理解了问题','客户的问题得到了解决',943.276875,358.88264350195885,82.749107),('173299067800224173416051',174,'17329906780','2022-02-24',79.27074928944097,80,79.27074928944097,81.5,100,100,50,0,0,0,1,'客户表达了满意','客服快速理解了问题','客户的问题解决情况不明确',70.32125,185.34482758620686,85),('173656267570226113309190',174,'17365626757','2022-02-26',74.65071680737775,80,74.65071680737775,80,50,100,50,0,0,0,0,'客户未明确表达是否满意','客服快速理解了问题','客户的问题解决情况不明确',93.488125,251.88536953242837,83.333328),('177900676860215125848067',174,'17790067686','2022-02-15',66.99864685674068,79.4,66.99864685674068,68,50,100,50,1,1,6,0,'客户未明确表达是否满意','客服快速理解了问题','客户的问题解决情况不明确',511.880625,298.87054735013027,78.782707),('177902723970216110718632',172,'17790272397','2022-02-16',74.45834684078906,80.9,74.45834684078906,80,50,100,50,0,1,0,0,'客户未明确表达是否满意','客服快速理解了问题','客户的问题解决情况不明确',92.351875,312.0306079070427,77.954765),('178531891770226153556364',174,'17853189177','2022-02-26',73.72561238101973,80,73.72561238101973,80,50,100,50,0,0,0,0,'客户未明确表达是否满意','客服快速理解了问题','客户的问题解决情况不明确',102.704375,252.21674876847285,76.972801),('180519519020219094327045',173,'18051951902','2022-02-19',74.31635429541174,78.5,74.31635429541174,80,50,75,50,1,0,0,0,'客户未明确表达是否满意','客服理解了问题','客户的问题解决情况不明确',205.471875,346.81731060223944,66.283813),('180675374300227115906451',175,'18067537430','2022-02-27',74.94774168428872,80,74.94774168428872,80,50,75,75,0,0,0,0,'客户未明确表达是否满意','客服理解了问题','客户的问题得到了解决',82.315,291.1679068262698,77.262573),('181082640400212122424713',173,'18108264040','2022-02-12',71.56269630334029,77,71.56269630334029,78.5,50,100,50,2,0,1,0,'客户未明确表达是否满意','客服快速理解了问题','客户的问题解决情况不明确',531.954375,283.28578913663614,78.983681),('181162607150212121933107',172,'18116260715','2022-02-12',73.46803800672025,77.6,73.46803800672025,80,50,100,50,2,1,0,0,'客户未明确表达是否满意','客服快速理解了问题','客户的问题解决情况不明确',143.79875,308.5745999445009,75.423935),('181425426270221113648082',174,'18142542627','2022-02-21',74.15258365472343,80,74.15258365472343,80,50,100,50,0,0,0,0,'客户未明确表达是否满意','客服快速理解了问题','客户的问题解决情况不明确',90.6475,237.54403623553094,77.527397),('181511300560226163805488',172,'18151130056','2022-02-26',80.99728156203727,80,80.99728156203727,81.5,100,75,100,0,0,0,1,'客户表达了满意','客服理解了问题','客户的问题得到了解决',164.8825,318.28442437923246,74.157326),('181567150010209154531674',174,'18156715001','2022-02-09',79.95378714360396,79.4,79.95378714360396,81.5,100,25,100,1,1,0,1,'客户表达了满意','客服没有很好地理解问题','客户的问题得到了解决',201.62125,305.1896524361212,82.222214),('182588067120214105043736',172,'18258806712','2022-02-14',81.42130804148105,80,81.42130804148105,81.5,100,100,100,0,0,0,1,'客户表达了满意','客服快速理解了问题','客户的问题得到了解决',157.118125,284.14550446122166,79.763428),('182633897070225163918227',178,'18263389707','2022-02-25',76.94848987403715,96.8,76.94848987403715,80,50,75,50,1,9,0,0,'客户未明确表达是否满意','客服理解了问题','客户的问题解决情况不明确',254.39375,160.08425487098467,83.888153),('183107216300219112005657',178,'18310721630','2022-02-19',73.14617523114106,80,73.14617523114106,80,50,25,50,0,0,0,0,'客户未明确表达是否满意','客服没有很好地理解问题','客户的问题解决情况不明确',163.430625,225.4619162703672,76.933212),('183500205350225092404975',173,'18350020535','2022-02-25',80.1702026306299,80,80.1702026306299,81.5,100,25,100,0,0,0,1,'客户表达了满意','客服没有很好地理解问题','客户的问题得到了解决',187.165625,354.46973903387004,79.790024),('183667666870218123701834',174,'18366766687','2022-02-18',74.07013419424261,80,74.07013419424261,80,50,75,50,0,0,0,0,'客户未明确表达是否满意','客服理解了问题','客户的问题解决情况不明确',133.256875,269.109947643979,66.742676),('183684519340211111006819',178,'18368451934','2022-02-11',72.48199769426864,80,72.48199769426864,80,50,25,50,0,0,0,0,'客户未明确表达是否满意','客服没有很好地理解问题','客户的问题解决情况不明确',151.5,268.85644768856446,67.45594),('183928910430211140054244',175,'18392891043','2022-02-11',76.58578373124782,80,76.58578373124782,82.1,50,100,75,0,0,0,1,'客户未明确表达是否满意','客服快速理解了问题','客户的问题得到了解决',133.19375,261.04553119730184,81.796036),('185215273840212140526227',172,'18521527384','2022-02-12',73.68765937891273,80,73.68765937891273,80,50,100,50,0,0,0,0,'客户未明确表达是否满意','客服快速理解了问题','客户的问题解决情况不明确',144.80875,264.2910170749814,69.472061),('186012307560216120203552',176,'18601230756','2022-02-16',74.98417898954855,82.1,74.98417898954855,80.9,50,75,50,0,1,0,1,'客户未明确表达是否满意','客服理解了问题','客户的问题解决情况不明确',475.33125,274.83155835687893,78.830383),('186171890070212134213524',174,'18617189007','2022-02-12',74.80263092777162,80,74.80263092777162,82.1,50,100,50,0,0,0,1,'客户未明确表达是否满意','客服快速理解了问题','客户的问题解决情况不明确',177.76,216.95668271010737,69.311729),('186225669900206093941583',174,'18622566990','2022-02-06',74.15258365472343,80,74.15258365472343,80,50,100,50,0,0,0,0,'客户未明确表达是否满意','客服快速理解了问题','客户的问题解决情况不明确',96.013125,182.72727272727275,62.953613),('186821565360217092542933',173,'18682156536','2022-02-17',75.14884996003207,80,75.14884996003207,80,50,100,50,0,0,0,0,'客户未明确表达是否满意','客服快速理解了问题','客户的问题解决情况不明确',59.59,215.12605042016804,69.784058),('186849875610228092238756',174,'18684987561','2022-02-28',63.70526999536621,82.1,63.70526999536621,73.69999999999999,0,50,0,0,1,7,2,'客户表达了不满','客服理解了问题','客户的问题未得到解决',500.455,307.82637111268446,86.160538),('187106439490216095250106',178,'18710643949','2022-02-16',73.51859600589066,80,73.51859600589066,80,50,100,50,0,0,0,0,'客户未明确表达是否满意','客服快速理解了问题','客户的问题解决情况不明确',139.885,227.6536312849162,56.421413),('188371201130222164129899',174,'18837120113','2022-02-22',73.676108465228,80,73.676108465228,80,50,100,50,0,0,0,0,'客户未明确表达是否满意','客服快速理解了问题','客户的问题解决情况不明确',274.783125,254.21977264898376,66.465401),('188371201130222174524572',178,'18837120113','2022-02-22',73.15631734941479,80,73.15631734941479,80,50,100,50,0,0,0,0,'客户未明确表达是否满意','客服快速理解了问题','客户的问题解决情况不明确',151.941875,0,100),('188409169430217113021844',174,'18840916943','2022-02-17',77.75417452175128,80.9,77.75417452175128,80,100,25,50,0,1,0,0,'客户表达了满意','客服没有很好地理解问题','客户的问题解决情况不明确',92.604375,246.2087421944692,80.964447),('188512011560208110227507',172,'18851201156','2022-02-08',74.49896342918144,80,74.49896342918144,73,100,100,75,0,0,1,0,'客户表达了满意','客服快速理解了问题','客户的问题得到了解决',126.060625,353.78662244333884,77.983307),('188512011560210114058005',178,'18851201156','2022-02-10',71.42542735476944,82.1,71.42542735476944,80,50,75,0,0,1,0,0,'客户未明确表达是否满意','客服理解了问题','客户的问题未得到解决',129.343125,315.24369166954716,75.653244),('189074957600208111458107',174,'18907495760','2022-02-08',74.00912130675898,79.4,74.00912130675898,80,50,100,50,1,1,0,0,'客户未明确表达是否满意','客服快速理解了问题','客户的问题解决情况不明确',160.59,268.3766030653738,72.831711),('189552929110223131408087',172,'18955292911','2022-02-23',77.97531990124578,80,77.97531990124578,80,100,100,75,0,0,0,0,'客户表达了满意','客服快速理解了问题','客户的问题得到了解决',67.03875,309.6192384769539,79.95475),('189568682890208095157684',176,'18956868289','2022-02-08',74.38315037816798,80,74.38315037816798,82.1,50,100,50,0,0,0,1,'客户未明确表达是否满意','客服快速理解了问题','客户的问题解决情况不明确',167.28125,54.352832795946576,100),('189568682890208124219513',172,'18956868289','2022-02-08',79.96785251186306,80,79.96785251186306,80,100,100,75,0,0,1,1,'客户表达了满意','客服快速理解了问题','客户的问题得到了解决',168.79625,378.6362936740033,66.946144),('189568682890209120554837',175,'18956868289','2022-02-09',78.03409457112053,80,78.03409457112053,77,100,100,75,0,0,2,1,'客户表达了满意','客服快速理解了问题','客户的问题得到了解决',156.045,313.8630471252096,83.333321),('189568682890210171725760',178,'18956868289','2022-02-10',78.97158620655442,80,78.97158620655442,80,100,100,75,0,0,0,0,'客户表达了满意','客服快速理解了问题','客户的问题得到了解决',58.516875,310.567936736161,84.93679),('189970285200206131546337',177,'18997028520','2022-02-06',73.15631734941479,80,73.15631734941479,80,50,100,50,0,0,0,0,'客户未明确表达是否满意','客服快速理解了问题','客户的问题解决情况不明确',58.58,0,100),('191376279580220094429339',173,'19137627958','2022-02-20',71.27200808555267,80,71.27200808555267,78.5,0,100,75,0,0,1,0,'客户表达了不满','客服快速理解了问题','客户的问题得到了解决',241.26375,304.55141412249486,68.422806);
/*!40000 ALTER TABLE `case_evaluation` ENABLE KEYS */;
UNLOCK TABLES;

--
-- Table structure for table `staff`
--

DROP TABLE IF EXISTS `staff`;
/*!40101 SET @saved_cs_client     = @@character_set_client */;
/*!50503 SET character_set_client = utf8mb4 */;
CREATE TABLE `staff` (
  `id` bigint NOT NULL AUTO_INCREMENT,
  `name` char(255) NOT NULL DEFAULT '',
  PRIMARY KEY (`id`)
) ENGINE=InnoDB AUTO_INCREMENT=179 DEFAULT CHARSET=utf8mb4;
/*!40101 SET character_set_client = @saved_cs_client */;

--
-- Dumping data for table `staff`
--

LOCK TABLES `staff` WRITE;
/*!40000 ALTER TABLE `staff` DISABLE KEYS */;
INSERT INTO `staff` VALUES (172,'梁涵双'),(173,'林兴思'),(174,'熊贞韵'),(175,'朱柏颜'),(176,'胡沛雯'),(177,'韩真如'),(178,'侯晓亦');
/*!40000 ALTER TABLE `staff` ENABLE KEYS */;
UNLOCK TABLES;

--
-- Table structure for table `staff_evaluation`
--

DROP TABLE IF EXISTS `staff_evaluation`;
/*!40101 SET @saved_cs_client     = @@character_set_client */;
/*!50503 SET character_set_client = utf8mb4 */;
CREATE TABLE `staff_evaluation` (
  `id` bigint NOT NULL AUTO_INCREMENT,
  `staff_id` bigint NOT NULL,
  `create_date` date NOT NULL,
  `score` double NOT NULL,
  `service_num` int NOT NULL,
  `service_num_score` double NOT NULL,
  `problem_solve_score` double NOT NULL,
  `problem_unsolved_percent` double NOT NULL,
  `problem_solve` varchar(255) NOT NULL,
  `average_time` double NOT NULL,
  `time_score` double NOT NULL,
  `average_time_description` varchar(255) NOT NULL,
  `staff_emotion_score` double NOT NULL,
  `staff_pessimistic_num` int NOT NULL,
  `staff_optimistic_num` int NOT NULL,
  `staff_pessimistic_percent` double NOT NULL,
  `staff_optimistic_percent` double NOT NULL,
  `staff_emotion_control_ability` varchar(255) NOT NULL,
  `customer_emotion_score` double NOT NULL,
  `customer_pessimistic_num` int NOT NULL,
  `customer_optimistic_num` int NOT NULL,
  `customer_pessimistic_percent` double NOT NULL,
  `customer_optimistic_percent` double NOT NULL,
  `customer_emotion_control_ability` varchar(255) NOT NULL,
  `polite_words_score` double NOT NULL,
  `polite_words_usage` varchar(255) NOT NULL,
  `speech_speed_score` double NOT NULL,
  `average_speech_speed` double NOT NULL,
  `speech_speed` varchar(255) NOT NULL,
  `average_pronunciation_score` double NOT NULL,
  `average_case_score` double NOT NULL,
  `growth_score` double NOT NULL,
  `short_term_growth_trend` varchar(255) NOT NULL,
  `long_term_growth_trend` varchar(255) NOT NULL,
  PRIMARY KEY (`id`)
) ENGINE=InnoDB AUTO_INCREMENT=40 DEFAULT CHARSET=utf8mb4;
/*!40101 SET character_set_client = @saved_cs_client */;

--
-- Dumping data for table `staff_evaluation`
--

LOCK TABLES `staff_evaluation` WRITE;
/*!40000 ALTER TABLE `staff_evaluation` DISABLE KEYS */;
INSERT INTO `staff_evaluation` VALUES (1,172,'2022-02-06',68.22860499833499,1,100,28.125,0,'不足',227.25,21.993740198471823,'正常',77,1,0,100,0,'普通',80,0,0,0,0,'优秀',72.43900560959257,'良好',55.18930368016943,246.22716441620332,'偏慢',77.279091,72.43900560959257,89.69464294094303,'上升','上升'),(2,173,'2022-02-06',69.71563225449555,2,100,27.34375,0,'不足',254.39374999999998,23.977832935979258,'正常',79.25,1,2,50,100,'普通',80,0,0,0,0,'优秀',73.4872692460861,'良好',52.567596933604435,313.87689772013357,'偏快',73.91058749999999,73.4872692460861,90.17658379778902,'上升','上升'),(3,174,'2022-02-06',67.65709617079527,2,100,28.125,0,'不足',113.2778125,34.59924146323456,'正常',80,0,0,0,0,'优秀',79.25,1,0,50,0,'普通',73.43768836123377,'良好',1.136363636363645,151.1739937669916,'偏慢',78.1434785,73.43768836123377,89.50941872739988,'上升','上升'),(4,177,'2022-02-06',70.93822901559493,1,100,28.125,0,'不足',58.58,0.000011958329281240329,'偏长',80,0,0,0,0,'优秀',80,0,0,0,0,'优秀',73.15631734941479,'良好',0,0,'偏慢',100,73.15631734941479,90.5728235628507,'上升','上升'),(5,172,'2022-02-13',69.50147870224991,9,100,31.763888888888893,0,'不足',157.2724305555556,93.24915979385858,'正常',79.5,2,2,22.22222222222222,22.22222222222222,'普通',79.28888888888889,3,2,33.33333333333333,22.22222222222222,'普通',74.63275710466621,'良好',73.6885775640602,293.6858868687364,'正常',75.62310199999999,74.63275710466621,68.0006981829377,'上升','上升'),(6,173,'2022-02-13',69.56254758291236,6,100,31.416666666666668,0,'不足',223.1153125,58.46309566027145,'正常',79.7,2,4,33.33333333333333,66.66666666666666,'普通',79.75,1,0,16.666666666666664,0,'普通',73.99241792709131,'良好',56.45307351075738,246.51606115934734,'偏慢',76.75390116666667,73.99241792709131,67.5386501376613,'上升','上升'),(7,174,'2022-02-13',68.8680562429567,16,100,32.12109375,0,'不足',286.271875,64.94813657181626,'正常',78.51875000000001,5,6,31.25,37.5,'普通',78.73125,4,7,25,43.75,'普通',74.3231354877339,'良好',57.593158393976545,254.62113391358028,'偏慢',71.2604081875,74.3231354877339,67.9805935139494,'上升','上升'),(8,175,'2022-02-13',73.64677270969939,8,100,40.671875,0,'不足',159.75359375,87.20560657149251,'正常',80.6375,0,3,0,37.5,'优秀',80.8625,3,6,37.5,75,'优秀',77.61027541889908,'良好',81.83402354209582,298.93706791535357,'正常',75.48748124999999,77.61027541889908,91.45065405542144,'上升','上升'),(9,176,'2022-02-13',72.03971705385452,3,100,28.125,0,'不足',211.86854166666663,55.764632841672466,'正常',80,0,0,0,0,'优秀',80.7,0,1,0,33.33333333333333,'优秀',74.08184422101108,'良好',7.990409278465478,87.70610206614077,'偏慢',91.96603133333333,74.08184422101108,90.92981237174119,'上升','上升'),(10,177,'2022-02-13',70.24555686986203,4,100,29.421875,0,'不足',107.880625,99.72972551110477,'正常',80,0,0,0,0,'优秀',80.15,1,1,25,25,'优秀',73.71140808541915,'良好',19.737813884785826,68.68537666174299,'偏慢',92.5049495,73.71140808541915,67.36385422824515,'上升','上升'),(11,178,'2022-02-13',70.39465143048827,5,100,26.1375,0.2,'不足',180.79000000000002,73.8523895964333,'正常',80.84,0,2,0,40,'优秀',79.82000000000001,1,1,20,20,'普通',74.05326494462724,'良好',68.36458523372582,258.41782638537296,'偏慢',62.6943878,74.05326494462724,90.39665177713309,'上升','上升'),(12,172,'2022-02-20',69.23023618511681,15,100,34.43333333333333,0,'不足',200.4765833333333,84.73725140052422,'正常',79.94,3,5,20,33.33333333333333,'普通',78.01333333333334,4,4,26.666666666666668,26.666666666666668,'普通',74.33994116077679,'良好',77.94308387689777,301.6983455883276,'正常',76.1957382,74.33994116077679,50.07147006246179,'平稳','平稳'),(13,173,'2022-02-20',67.68211890878864,14,100,31.54017857142857,0,'不足',198.0546875,63.593304748373015,'正常',78.69285714285714,5,4,35.714285714285715,28.57142857142857,'普通',79.46428571428571,4,1,28.57142857142857,7.142857142857142,'普通',73.52246998936768,'良好',57.26570202588323,268.4101595562605,'偏慢',72.56356521428572,73.52246998936768,48.80875510455404,'平稳','平稳'),(14,174,'2022-02-20',68.62378505312745,31,100,31.41129032258064,0,'不足',218.16000000000003,77.06586626257666,'正常',79.03225806451614,10,9,32.25806451612903,29.03225806451613,'普通',79.34516129032258,7,11,22.58064516129032,35.483870967741936,'普通',74.87552634931181,'良好',61.141424457548176,262.0353394240049,'偏慢',73.14062051612902,74.87552634931181,50.07727821453733,'平稳','平稳'),(15,175,'2022-02-20',71.82037792526164,10,100,40.7625,0,'不足',198.51550000000003,89.72910259960665,'正常',80.92999999999999,0,4,0,40,'优秀',80.96000000000001,4,8,40,80,'优秀',78.17951017117161,'良好',83.1457895143104,303.79251297101536,'正常',76.8722238,78.17951017117161,48.84845829837621,'平稳','平稳'),(16,176,'2022-02-20',69.97562224183774,5,100,27.8125,0,'不足',280.6285,44.37541552717413,'正常',80.42,0,1,0,20,'优秀',80.6,0,2,0,40,'优秀',74.07720580039931,'良好',31.349828708490975,156.4903610093785,'偏慢',84.3827774,74.07720580039931,48.693701517517965,'平稳','平稳'),(17,177,'2022-02-20',69.12258896445249,5,100,33.6375,0,'不足',137.77662500000002,86.88040338120248,'正常',79.82000000000001,1,1,20,20,'普通',81.08,2,2,40,40,'优秀',74.83000382656707,'良好',34.78484128849622,113.74180954619547,'偏慢',89.62093039999999,74.83000382656707,49.18646120347787,'平稳','平稳'),(18,178,'2022-02-20',68.53659371752681,10,100,26.6625,0.1,'不足',159.40956250000002,94.67984502044195,'正常',80.51,0,3,0,30,'优秀',79.46000000000001,2,1,20,10,'普通',73.47770011554978,'良好',54.302322230380625,234.23796615051054,'偏慢',60.48935869999999,73.47770011554978,48.827030440408215,'平稳','平稳'),(19,172,'2022-02-27',70.02258741509746,20,100,35.534375,0,'不足',180.2408125,85.86735434643549,'正常',80,3,6,15,30,'优秀',78.64500000000001,5,7,25,35,'普通',75.00667763357458,'良好',79.50614121820777,298.764646192382,'正常',75.84652194999998,75.00667763357458,50.52807991404839,'平稳','平稳'),(20,173,'2022-02-27',68.59876486720026,19,100,33.02302631578947,0,'不足',197.14601973684216,62.48484263714445,'正常',79.03684210526316,6,6,31.57894736842105,31.57894736842105,'普通',79.79473684210525,5,3,26.31578947368421,15.789473684210526,'普通',74.42067015115475,'良好',60.15433495256693,279.2977511473244,'偏慢',74.28717026315789,74.42067015115475,50.166933351853515,'平稳','平稳'),(21,174,'2022-02-27',69.70883000438411,42,100,32.04910714285714,0,'不足',199.5276041666667,92.25937626885111,'正常',79.42142857142859,11,13,26.190476190476193,30.952380952380953,'普通',79.88809523809525,8,14,19.047619047619047,33.33333333333333,'普通',75.41240111911151,'良好',61.199819807978514,259.8358440629875,'偏慢',75.02152647619046,75.41240111911151,50.7227695231605,'平稳','平稳'),(22,175,'2022-02-27',72.27328212649513,12,100,41.34374999999999,0,'不足',177.78104166666665,85.0579514161737,'正常',80.77499999999999,0,4,0,33.33333333333333,'优秀',80.925,4,9,33.33333333333333,75,'优秀',78.09732376101478,'良好',77.00815145819406,277.4244197113686,'正常',78.83206758333333,78.09732376101478,49.922714361053735,'平稳','平稳'),(23,176,'2022-02-27',70.7487848228,6,100,29.77083333333333,0,'不足',261.59,66.9758542854283,'正常',80.35000000000001,0,1,0,16.666666666666664,'优秀',80.5,0,2,0,33.33333333333333,'优秀',74.18595981334762,'良好',26.124857257075814,130.40863417448207,'偏慢',86.98564783333332,74.18595981334762,50.08690274552907,'平稳','平稳'),(24,177,'2022-02-27',69.57491248068995,6,100,32.71874999999999,0,'不足',151.58416666666668,82.09400960910688,'正常',80,1,2,16.666666666666664,33.33333333333333,'优秀',81.14999999999999,2,3,33.33333333333333,50,'优秀',75.30886160140126,'良好',45.03723067291704,146.0184487568225,'偏慢',87.86221816666666,75.30886160140126,50.00435609174317,'平稳','平稳'),(25,178,'2022-02-27',68.85402282823787,12,100,26.776041666666664,0.08333333333333333,'不足',166.70260416666665,97.01405257133393,'正常',81.825,1,4,8.333333333333332,33.33333333333333,'优秀',79.55,2,1,16.666666666666664,8.333333333333332,'普通',73.74015069824581,'良好',45.251935191983854,208.53865969800754,'偏慢',65.73181166666666,73.74015069824581,49.825799197284,'平稳','平稳'),(26,172,'2022-03-06',69.78069283227492,21,100,35.726190476190474,0,'不足',177.08065476190478,88.4313096764612,'正常',80,3,6,14.285714285714285,28.57142857142857,'优秀',78.37619047619049,6,7,28.57142857142857,33.33333333333333,'普通',74.83038174558456,'良好',80.39125263328405,299.0050458084771,'正常',76.02378571428571,74.83038174558456,50.09216120490325,'平稳','平稳'),(27,173,'2022-03-06',68.62966315826952,19,100,33.02302631578947,0,'不足',197.14601973684216,64.78195080493376,'正常',79.03684210526316,6,6,31.57894736842105,31.57894736842105,'普通',79.79473684210525,5,3,26.31578947368421,15.789473684210526,'普通',74.42067015115475,'良好',60.15433495256693,279.2977511473244,'偏慢',74.28717026315789,74.42067015115475,50.088478501139214,'平稳','平稳'),(28,174,'2022-03-06',69.46872539044858,44,100,31.5625,0.022727272727272728,'不足',203.50065340909097,90.31967408702016,'正常',79.51590909090909,11,15,25,34.090909090909086,'普通',79.75,9,15,20.454545454545457,34.090909090909086,'普通',75.24569673885763,'良好',62.438474190504934,261.31609462187083,'偏慢',75.53934804545453,75.24569673885763,50.171487317734,'平稳','平稳'),(29,175,'2022-03-06',72.46069502592243,13,100,41.08653846153846,0,'不足',172.2729807692308,91.02020509067495,'正常',80.94615384615385,0,5,0,38.46153846153847,'优秀',80.85384615384615,4,9,30.76923076923077,69.23076923076923,'优秀',77.9319008342045,'良好',77.25883690868221,282.19683937748795,'正常',79.15467492307693,77.9319008342045,50.133798627821115,'平稳','平稳'),(30,176,'2022-03-06',70.76672359636062,6,100,29.77083333333333,0,'不足',261.59,68.18067357998153,'正常',80.35000000000001,0,1,0,16.666666666666664,'优秀',80.5,0,2,0,33.33333333333333,'优秀',74.18595981334762,'良好',26.124857257075814,130.40863417448207,'偏慢',86.98564783333332,74.18595981334762,50.084352600403186,'平稳','平稳'),(31,177,'2022-03-06',69.60577383150263,6,100,32.71874999999999,0,'不足',151.58416666666668,84.15867361580872,'正常',80,1,2,16.666666666666664,33.33333333333333,'优秀',81.14999999999999,2,3,33.33333333333333,50,'优秀',75.30886160140126,'良好',45.03723067291704,146.0184487568225,'偏慢',87.86221816666666,75.30886160140126,50.00266332635289,'平稳','平稳'),(32,178,'2022-03-06',68.88569403184368,12,100,26.776041666666664,0.08333333333333333,'不足',166.70260416666665,98.64849968052341,'正常',81.825,1,4,8.333333333333332,33.33333333333333,'优秀',79.55,2,1,16.666666666666664,8.333333333333332,'普通',73.74015069824581,'良好',45.251935191983854,208.53865969800754,'偏慢',65.73181166666666,73.74015069824581,49.98574351213104,'平稳','平稳'),(33,172,'2022-04-08',69.7793230824232,21,100,35.726190476190474,0,'不足',177.08065476190478,88.4313096764612,'正常',80,3,6,14.285714285714285,28.57142857142857,'优秀',78.37619047619049,6,7,28.57142857142857,33.33333333333333,'普通',74.83038174558456,'良好',80.39125263328405,299.0050458084771,'正常',76.02378571428571,74.83038174558456,50.06164950263489,'平稳','平稳'),(34,173,'2022-04-08',68.62218952957734,19,100,33.02302631578947,0,'不足',197.14601973684216,64.78195080493376,'正常',79.03684210526316,6,6,31.57894736842105,31.57894736842105,'普通',79.79473684210525,5,3,26.31578947368421,15.789473684210526,'普通',74.42067015115475,'良好',60.15433495256693,279.2977511473244,'偏慢',74.28717026315789,74.42067015115475,49.922000561219285,'平稳','平稳'),(35,174,'2022-04-08',69.4652403690909,44,100,31.5625,0.022727272727272728,'不足',203.50065340909097,90.31967408702016,'正常',79.51590909090909,11,15,25,34.090909090909086,'普通',79.75,9,15,20.454545454545457,34.090909090909086,'普通',75.24569673885763,'良好',62.438474190504934,261.31609462187083,'偏慢',75.53934804545453,75.24569673885763,50.093857132973994,'平稳','平稳'),(36,175,'2022-04-08',72.45394875168094,13,100,41.08653846153846,0,'不足',172.2729807692308,91.02020509067495,'正常',80.94615384615385,0,5,0,38.46153846153847,'优秀',80.85384615384615,4,9,30.76923076923077,69.23076923076923,'优秀',77.9319008342045,'良好',77.25883690868221,282.19683937748795,'正常',79.15467492307693,77.9319008342045,49.9835227867114,'平稳','平稳'),(37,176,'2022-04-08',70.76060737504827,6,100,29.77083333333333,0,'不足',261.59,68.18067357998153,'正常',80.35000000000001,0,1,0,16.666666666666664,'优秀',80.5,0,2,0,33.33333333333333,'优秀',74.18595981334762,'良好',26.124857257075814,130.40863417448207,'偏慢',86.98564783333332,74.18595981334762,49.9481114294655,'平稳','平稳'),(38,177,'2022-04-08',69.60171208320835,6,100,32.71874999999999,0,'不足',151.58416666666668,84.15867361580872,'正常',80,1,2,16.666666666666664,33.33333333333333,'优秀',81.14999999999999,2,3,33.33333333333333,50,'优秀',75.30886160140126,'良好',45.03723067291704,146.0184487568225,'偏慢',87.86221816666666,75.30886160140126,49.912186328316594,'平稳','平稳'),(39,178,'2022-04-08',68.88269363551,12,100,26.776041666666664,0.08333333333333333,'不足',166.70260416666665,98.64849968052341,'正常',81.825,1,4,8.333333333333332,33.33333333333333,'优秀',79.55,2,1,16.666666666666664,8.333333333333332,'普通',73.74015069824581,'良好',45.251935191983854,208.53865969800754,'偏慢',65.73181166666666,73.74015069824581,49.918908535288146,'平稳','平稳');
/*!40000 ALTER TABLE `staff_evaluation` ENABLE KEYS */;
UNLOCK TABLES;
/*!40103 SET TIME_ZONE=@OLD_TIME_ZONE */;

/*!40101 SET SQL_MODE=@OLD_SQL_MODE */;
/*!40014 SET FOREIGN_KEY_CHECKS=@OLD_FOREIGN_KEY_CHECKS */;
/*!40014 SET UNIQUE_CHECKS=@OLD_UNIQUE_CHECKS */;
/*!40101 SET CHARACTER_SET_CLIENT=@OLD_CHARACTER_SET_CLIENT */;
/*!40101 SET CHARACTER_SET_RESULTS=@OLD_CHARACTER_SET_RESULTS */;
/*!40101 SET COLLATION_CONNECTION=@OLD_COLLATION_CONNECTION */;
/*!40111 SET SQL_NOTES=@OLD_SQL_NOTES */;

-- Dump completed on 2022-04-09 14:21:06
